Student ID,Firstname,Lastname,Othernames,Email,Contact Number,Blood Group,City,Residence,Country,Date of Birth,Gender,Section,Department,Class ID,Description,Religion
33474,Donn,Jeanesson,,djeanesson0@opera.com,383 517 0569,,Modimolle,Cangshi,ZA,,Male,,,3,,
33306,Aldridge,Boles,,aboles1@dailymail.co.uk,858 890 9101,,Gävle,Ingarö,SE,,Male,,,1,,
20804,Kassi,Whistlecraft,,kwhistlecraft2@census.gov,730 903 2067,,Yushu,Yilongyong,CN,,Female,,,1,,
24882,Dianemarie,Kalinke,,dkalinke3@apple.com,272 323 2669,,Hengxi,Baryshevo,CN,,Male,,,4,,
39015,Maxie,Foulcher,,mfoulcher4@mapquest.com,682 730 8210,,Oslo,Bulusari,NO,,Male,,,5,,
45826,Erena,Orchard,,eorchard5@dion.ne.jp,526 659 2115,,Xuanhua,Benhong,CN,,Female,,,5,,
27518,Simeon,Ferby,,sferby6@goo.ne.jp,813 340 4300,,La Loma,Saint-Germain-en-Laye,PA,,Male,,,2,,
45580,Lotty,Ockwell,,lockwell7@reddit.com,538 883 9756,,Rijau,Ceuta,NG,,Female,,,5,,
27949,Eliot,Mulles,,emulles8@canalblog.com,947 387 8817,,Yurovka,Zhishan,RU,,Male,,,3,,
35598,Orrin,McColl,,omccoll9@sciencedirect.com,804 781 4004,,Belsk Duży,Pisan,PL,,Male,,,1,,
48724,Bria,Johann,,bjohanna@w3.org,230 793 0244,,Neyvo-Rudyanka,Lantapan,RU,,Female,,,3,,
44314,Dael,Fearnside,,dfearnsideb@nytimes.com,742 663 0744,,Borāzjān,Qianying,IR,,Male,,,4,,
26796,Ulrick,Webb-Bowen,,uwebbbowenc@php.net,623 388 8017,,Gayamsari,Barranqueras,ID,,Male,,,2,,
22723,Shawn,Chatain,,schataind@usgs.gov,543 131 1866,,Kangaslampi,Sukth,FI,,Female,,,1,,
25814,Cyril,Laurencot,,claurencote@ameblo.jp,795 158 9695,,Rudziczka,Dulce Nombre de Culmí,PL,,Male,,,4,,
37915,Nancee,Fausch,,nfauschf@home.pl,487 612 2407,,Pil’na,Akora,RU,,Male,,,1,,
21342,Maxie,O'Neal,,monealg@edublogs.org,536 755 4221,,Zevgolateió,Saint-Avertin,GR,,Female,,,1,,
30437,Brook,Andreichik,,bandreichikh@spotify.com,893 224 9164,,Hostivice,Libertador General San Martín,CZ,,Female,,,2,,
20001,Fin,Speakman,,fspeakmani@msu.edu,555 929 7594,,Lens,Oka,FR,,Female,,,1,,
38538,Isa,Doers,,idoersj@tripadvisor.com,965 349 6679,,Laiya,Karangjaladri,PH,,Male,,,5,,
22183,Kevan,Hildrew,,khildrewk@blinklist.com,175 920 3294,,Xiongguan,Chiara,CN,,Male,,,3,,
27801,Rachel,Izak,,rizakl@tinyurl.com,466 241 7586,,Dębno,Limoges,PL,,Female,,,1,,
43768,Malorie,Hunnicot,,mhunnicotm@jalbum.net,892 121 8798,,Babat,Tyret’ Pervaya,ID,,Female,,,2,,
27803,Ardenia,Becraft,,abecraftn@kickstarter.com,325 740 9742,,Anuchino,Heishan,RU,,Male,,,3,,
21941,Damara,Tethcote,,dtethcoteo@samsung.com,902 700 5764,,Ninghai,Dolní Lhota,CN,,Female,,,1,,
43289,Algernon,Last,,alastp@samsung.com,786 374 7836,,Shankill,Saint-Péray,IE,,Male,,,1,,
22071,Randee,Mabson,,rmabsonq@hud.gov,628 698 4306,,Changtang,Szeged,CN,,Male,,,3,,
25487,Kipp,Ivashnikov,,kivashnikovr@dell.com,453 192 6202,,Corpus,Jiujianfang,HN,,Male,,,2,,
44207,Wilbert,Petrina,,wpetrinas@omniture.com,529 213 6763,,Banjar Dauhpura,Zafar,ID,,Male,,,4,,
33148,Rosmunda,Goatman,,rgoatmant@pen.io,902 489 2573,,København,Wujing,DK,,Female,,,2,,
48235,Reggi,Garham,,rgarhamu@technorati.com,908 955 2983,,Sicheng,Talawi,CN,,Male,,,1,,
25869,Babita,Gilston,,bgilstonv@storify.com,822 674 7886,,Vohibinany,Oxelösund,MG,,Female,,,2,,
39971,Shaughn,Loadsman,,sloadsmanw@pbs.org,634 770 2234,,Sarāb,Monchegorsk,IR,,Female,,,4,,
33584,Blondell,Bartzen,,bbartzenx@reddit.com,323 130 3777,,Mabunga,Baohe,PH,,Female,,,5,,
49670,Whitney,Kleinzweig,,wkleinzweigy@mail.ru,868 293 5462,,Liaodian,Pomahan,CN,,Female,,,3,,
24762,Melantha,Mewett,,mmewettz@cdbaby.com,863 117 3018,,Ban Ratsada,Summerland,TH,,Male,,,3,,
44022,Garrott,Wogan,,gwogan10@prlog.org,983 141 6537,,Lugait,Novki,PH,,Male,,,2,,
42870,Ric,Caddens,,rcaddens11@issuu.com,217 397 9644,,Grand-Bassam,Bang Kaeo,CI,,Male,,,2,,
47251,Reena,Quarlis,,rquarlis12@wisc.edu,922 842 4370,,Jarada,Krajan Dua Padomasan,ID,,Female,,,2,,
41390,Averell,Scrivinor,,ascrivinor13@marketwatch.com,133 350 9783,,Shiḩan as Suflá,Angan,YE,,Male,,,5,,
32754,Kessiah,Redit,,kredit14@bloglovin.com,983 582 3133,,Biograd na Moru,Luče,HR,,Female,,,5,,
42935,Abran,Deadman,,adeadman15@youtube.com,806 351 0975,,Ulan Hua,Montecillo,CN,,Female,,,1,,
31969,Lotta,Holdall,,lholdall16@icio.us,763 587 6663,,Tieling,Xiangyangpu,CN,,Female,,,4,,
42364,Donnajean,Vaud,,dvaud17@archive.org,684 870 9327,,Nanshui,Marco de Canaveses,CN,,Female,,,1,,
47183,Griffin,Jago,,gjago18@infoseek.co.jp,990 449 4634,,Komsomolsk-on-Amur,Igaraçu do Tietê,RU,,Male,,,4,,
37850,Darcee,Bulward,,dbulward19@mozilla.com,194 164 4910,,Bāndarban,Vuokatti,BD,,Male,,,1,,
23673,Herminia,Ryan,,hryan1a@livejournal.com,938 786 1125,,Bugis,Hermanus,ID,,Male,,,5,,
22246,Verene,Arderne,,varderne1b@indiatimes.com,508 144 5183,,Hualin,Quixeramobim,CN,,Female,,,2,,
25155,Annecorinne,Manilove,,amanilove1c@qq.com,373 567 2209,,Amucao,Esperanza,PH,,Male,,,2,,
26662,Addie,Le Sarr,,alesarr1d@flavors.me,131 538 4579,,Tuoshi,Bonao,CN,,Female,,,2,,
43993,Francisca,Gammons,,fgammons1e@apple.com,403 401 1849,,Ia Kha,Zhenwen,VN,,Female,,,4,,
22800,Joseph,Pott,,jpott1f@wisc.edu,287 826 3774,,San Quintin,Lũng Hồ,PH,,Male,,,2,,
34350,Rosemonde,Jewkes,,rjewkes1g@bloglines.com,885 811 9585,,Xiaping,Hassi Berkane,CN,,Female,,,5,,
23654,Siana,Leeburn,,sleeburn1h@tamu.edu,125 617 3505,,Dehang,Pomahuaca,CN,,Male,,,2,,
49438,Jacob,Marquand,,jmarquand1i@auda.org.au,317 571 1028,,Vacha,Nuevo Emperador,RU,,Female,,,3,,
21485,Cristina,Cromly,,ccromly1j@wordpress.com,978 657 3948,,Widorokandang,Ngoc Hon Doc,ID,,Female,,,3,,
29677,Erick,Gadaud,,egadaud1k@webeden.co.uk,642 104 9895,,Dafengdui,Sinarharapan,CN,,Female,,,5,,
43680,Raynard,Ghiron,,rghiron1l@answers.com,851 132 9732,,Peterhof,Lijiaping,RU,,Male,,,3,,
38560,Peggy,McDool,,pmcdool1m@huffingtonpost.com,687 961 1480,,Bolhrad,Benito Juarez,UA,,Male,,,1,,
44568,Kirstin,Muzzillo,,kmuzzillo1n@yellowbook.com,687 334 3829,,Puerto Nariño,San Juan Sacatepéquez,CO,,Female,,,1,,
30652,Cherice,Leghorn,,cleghorn1o@cbc.ca,170 392 3412,,El Banco,Abomey-Calavi,CO,,Female,,,1,,
47596,Genevieve,Addyman,,gaddyman1p@dailymail.co.uk,751 228 3735,,Shuanglu,Castlepollard,CN,,Female,,,5,,
42388,Esteban,Lobe,,elobe1q@jimdo.com,616 453 0215,,Jacaraú,Rongwo,BR,,Female,,,5,,
43708,Cathe,Kingscote,,ckingscote1r@naver.com,649 189 9847,,Dongpu,Sơn Tịnh,CN,,Male,,,4,,
37238,Diannne,Allison,,dallison1s@nytimes.com,600 175 0028,,Wenceslao Escalante,Löddeköpinge,AR,,Female,,,3,,
22649,Valaree,Cabble,,vcabble1t@youtube.com,611 353 7850,,Ljusdal,Tchamba,SE,,Male,,,4,,
22628,Oates,Lys,,olys1u@ft.com,969 930 8590,,Tangkanpulit,Gimcheon,ID,,Female,,,4,,
39256,Ardelle,Southwell,,asouthwell1v@google.com.au,399 697 4671,,Kauit,Ferreiros,PH,,Male,,,2,,
21713,Molli,Corless,,mcorless1w@sohu.com,199 458 1634,,La Rochelle,Liuheng,FR,,Female,,,1,,
20168,Mignon,Whipp,,mwhipp1x@xrea.com,262 969 1446,,Coolock,Cambridge,IE,,Female,,,2,,
48057,Jarvis,Batte,,jbatte1y@cdc.gov,107 457 9563,,Si Thep,Klenčí pod Čerchovem,TH,,Male,,,5,,
31372,Tanya,Buffham,,tbuffham1z@uol.com.br,576 713 8251,,Ozurgeti,Beima,GE,,Female,,,2,,
47311,Creigh,Cuppleditch,,ccuppleditch20@dailymotion.com,196 544 2764,,Seraya,Hobor,ID,,Male,,,1,,
46271,Frederick,Dimelow,,fdimelow21@liveinternet.ru,315 639 4089,,Carenang Lor,Tabu,ID,,Male,,,4,,
45393,Jacqui,Bromehead,,jbromehead22@opensource.org,353 809 1148,,Duran,Nizhnyaya Tura,PH,,Female,,,1,,
45325,Hastings,Rohfsen,,hrohfsen23@baidu.com,407 300 1331,,Maxixe,Munturkaju,MZ,,Male,,,2,,
42095,Levi,Cabrera,,lcabrera24@samsung.com,858 124 4909,,Realeza,Kamnica,BR,,Female,,,2,,
30584,Buddy,Januszewicz,,bjanuszewicz25@mapquest.com,122 758 3651,,Longguang,Koper,CN,,Female,,,2,,
46757,Sax,Sayle,,ssayle26@mashable.com,920 321 2277,,Rumelange,Washington,LU,,Female,,,4,,
38976,Abram,Lowing,,alowing27@telegraph.co.uk,114 974 1117,,Gagarin,Dankalwa,UZ,,Male,,,2,,
43649,Amii,Garfirth,,agarfirth28@time.com,609 682 8390,,Gia Nghĩa,Al Qardāḩah,VN,,Female,,,4,,
43748,Edgard,Breckenridge,,ebreckenridge29@cisco.com,860 314 8173,,Pitalito,Santiago,CO,,Male,,,3,,
36427,Roosevelt,Caddan,,rcaddan2a@berkeley.edu,197 301 1781,,Diwopu,Dalan,CN,,Female,,,4,,
36306,Dixie,Valiant,,dvaliant2b@edublogs.org,701 488 8036,,Estarreja,Xinquan,PT,,Male,,,2,,
21895,Paxon,Ubach,,pubach2c@chicagotribune.com,848 621 9293,,Maunggora,Rijswijk,ID,,Male,,,5,,
36620,Ellyn,Tottle,,etottle2d@cargocollective.com,933 859 4398,,Lapaz,Saint Helier,PH,,Male,,,5,,
39437,Corby,Marchelli,,cmarchelli2e@360.cn,171 490 1534,,Mumen,Ninh Giang,CN,,Male,,,1,,
39224,Jeralee,Scouller,,jscouller2f@google.de,327 943 3132,,Capatárida,Maketu,VE,,Female,,,5,,
33322,Baudoin,Goad,,bgoad2g@oakley.com,377 130 2233,,Xiema,Borzoy,CN,,Male,,,3,,
47694,Amalita,Kruschev,,akruschev2h@google.com,678 211 2981,,Maslog,Lisakovsk,PH,,Male,,,5,,
23234,Filmer,Hearst,,fhearst2i@google.co.jp,463 287 6624,,Langsa,Horrom,ID,,Female,,,2,,
29598,Lane,Card,,lcard2j@xing.com,441 608 5595,,Wujiao,Serra Talhada,CN,,Female,,,4,,
27831,Sadie,Monk,,smonk2k@51.la,858 962 5530,,Bonnyville,Itupiranga,CA,,Female,,,1,,
48117,Roseanna,Scinelli,,rscinelli2l@behance.net,501 251 5741,,Facatativá,Makoko,CO,,Male,,,2,,
48235,Nadeen,Jinda,,njinda2m@fema.gov,427 805 9765,,Kopashnovo,Haz-Zebbug,UA,,Female,,,4,,
37480,Buddie,Brandassi,,bbrandassi2n@bloglines.com,435 965 6038,,Shibetsu,Chalamarca,JP,,Male,,,2,,
41957,Tomlin,Mainds,,tmainds2o@seattletimes.com,845 218 4094,,Tuanalepe,Tríkala,ID,,Female,,,2,,
35047,Dyan,Francey,,dfrancey2p@dailymail.co.uk,636 314 7035,,Brest,Saint-Marcellin,FR,,Male,,,2,,
47155,Magdalena,Bencher,,mbencher2q@yandex.ru,526 372 8741,,Monasterevin,Kisumu,IE,,Male,,,1,,
38229,Gaynor,Tollet,,gtollet2r@artisteer.com,627 158 1468,,Liutang,Presidencia Roque Sáenz Peña,CN,,Male,,,4,,
40751,Rosmunda,Persent,,rpersent2s@npr.org,632 779 6731,,Waeng Yai,Ikšķile,TH,,Female,,,1,,
38056,Kat,Tighe,,ktighe2t@nasa.gov,671 173 6866,,Shelopugino,Cililitan,RU,,Male,,,5,,
22277,Arny,Farres,,afarres2u@live.com,476 859 6037,,Callahuanca,Nashville,PE,,Female,,,2,,
41033,Roseline,Gres,,rgres2v@cnn.com,499 813 0215,,Shanghuang,Guluoshan,CN,,Female,,,5,,
25845,Maurene,McReath,,mmcreath2w@ovh.net,937 906 0155,,Bang Bon,Memphis,TH,,Female,,,2,,
20843,Ariella,Labone,,alabone2x@artisteer.com,960 833 7718,,Balong Wetan,Gapyeong,ID,,Female,,,1,,
34428,Dahlia,Shipman,,dshipman2y@nhs.uk,369 573 4605,,Jiangguanchi,Ipil,CN,,Male,,,5,,
29228,Raul,Schooling,,rschooling2z@paypal.com,674 178 9338,,Monching,Vília,PH,,Female,,,4,,
49556,Josi,Ivshin,,jivshin30@gov.uk,325 218 7971,,Gesikan,Liuhao,ID,,Female,,,1,,
32756,Lisbeth,Marson,,lmarson31@google.de,260 443 2369,,Mama,Papër,RU,,Male,,,4,,
29391,Kevon,Olivia,,kolivia32@google.de,663 574 7133,,Scholkine,Saint-Denis,UA,,Male,,,1,,
46023,Sumner,Edgeler,,sedgeler33@paginegialle.it,276 239 3219,,Shaxi,Jiuzhou,CN,,Female,,,2,,
36254,Marsha,Daddow,,mdaddow34@com.com,174 179 0597,,Labuhanjambu,Karajeun,ID,,Female,,,3,,
25491,Diann,Merman,,dmerman35@gnu.org,933 604 3292,,Linhu,Caba,CN,,Female,,,5,,
30301,Silvano,Munnery,,smunnery36@theatlantic.com,982 816 8524,,Ojos de Agua,Tianxin,HN,,Female,,,1,,
46353,Harlie,Crab,,hcrab37@icq.com,534 599 8760,,Toledo,Patía,ES,,Female,,,4,,
24401,Barnabe,Peidro,,bpeidro38@home.pl,512 875 0948,,Austin,Paracatu,US,,Female,,,2,,
32649,Valentine,Lesly,,vlesly39@answers.com,694 982 3852,,Louguan,Yokkaichi,CN,,Female,,,5,,
43944,Haskell,O'Haire,,hohaire3a@networkadvertising.org,620 997 6117,,Sindangsari,Noen Maprang,ID,,Male,,,4,,
43611,Brook,Thuillier,,bthuillier3b@surveymonkey.com,668 401 9405,,Sambopinggir,Jugantang,ID,,Female,,,2,,
23610,Carleton,Batten,,cbatten3c@boston.com,582 963 6916,,Narukan,Třemošnice,ID,,Female,,,3,,
25972,Kira,Rooson,,krooson3d@nba.com,961 945 5149,,Jiahe,Saint-Ouen,CN,,Female,,,2,,
25856,Bail,Beckhurst,,bbeckhurst3e@sourceforge.net,340 727 0640,,Matsubara,Tominian,JP,,Female,,,4,,
36816,Winonah,Hucker,,whucker3f@instagram.com,954 176 1957,,Rättvik,Vila Chã,SE,,Female,,,2,,
47290,Alis,Hovell,,ahovell3g@amazonaws.com,270 299 7379,,Dulolong,Weishui,ID,,Female,,,4,,
35564,Goldia,Plaister,,gplaister3h@meetup.com,819 671 5179,,Napuro,Wonotirto,PH,,Female,,,5,,
44698,Brandise,Yaxley,,byaxley3i@un.org,367 151 0595,,Krutja e Poshtme,Krzeszów,AL,,Female,,,4,,
38004,Gray,Crease,,gcrease3j@chron.com,231 751 8257,,Lewin Kłodzki,Vatutino,PL,,Male,,,5,,
41274,Giulietta,Haddrill,,ghaddrill3k@live.com,440 370 8620,,Ognevka,Santa Anita,KZ,,Female,,,1,,
38998,Fernando,Santora,,fsantora3l@edublogs.org,549 977 0166,,Anserma,Artur Nogueira,CO,,Female,,,1,,
31725,Vladimir,Shevill,,vshevill3m@lulu.com,956 705 5832,,Plomárion,Stari Lec,GR,,Female,,,1,,
36253,Charissa,Stanlack,,cstanlack3n@nytimes.com,293 250 6188,,Sabang,Shanling,PH,,Female,,,3,,
47617,Sollie,Carlesso,,scarlesso3o@cafepress.com,357 664 2819,,Dvinskoy,Nanterre,RU,,Female,,,3,,
39997,Martina,Danilchev,,mdanilchev3p@ca.gov,280 377 0258,,Nueva Gerona,Kamenjane,CU,,Male,,,3,,
42371,Juana,Tiesman,,jtiesman3q@acquirethisname.com,558 875 8456,,Haarlem,Anyang-si,NL,,Male,,,5,,
35020,Frederik,Excell,,fexcell3r@artisteer.com,794 231 0773,,Montemor-o-Velho,Ilinden,PT,,Male,,,1,,
37272,Emalee,Merioth,,emerioth3s@tiny.cc,811 443 9168,,Åkersberga,Santiago Puringla,SE,,Male,,,1,,
48788,Paula,Hubner,,phubner3t@hostgator.com,778 396 0607,,Gangbian,Corcuera,CN,,Female,,,4,,
45592,Fred,Andrysek,,fandrysek3u@senate.gov,417 976 0903,,Neofbaun,Ningxin,ID,,Male,,,4,,
20549,Evita,Elcott,,eelcott3v@typepad.com,468 845 0905,,Cahuanuyo,Amqui,PE,,Female,,,3,,
21821,Robinetta,Hann,,rhann3w@wufoo.com,947 942 4696,,Hongsung,Charlotte,KR,,Male,,,3,,
29791,Samuel,Stenett,,sstenett3x@bbc.co.uk,661 522 1556,,Jabłoń,Alpatovo,PL,,Male,,,4,,
28298,Loretta,Quinney,,lquinney3y@seesaa.net,587 186 2057,,Pulaupinang,Ngembel,ID,,Female,,,1,,
34215,Arlen,Ouchterlony,,aouchterlony3z@latimes.com,881 448 2733,,Dushanbe,Brezovica,TJ,,Female,,,5,,
27971,Alvie,Mowsdell,,amowsdell40@ifeng.com,758 584 2105,,Porto Ferreira,Ufa,BR,,Male,,,5,,
26250,Agnola,Fitkin,,afitkin41@ihg.com,685 748 9843,,Razan,Oka,IR,,Female,,,4,,
23279,Robinet,Lathey,,rlathey42@uol.com.br,804 694 8484,,Mochumí,Rača,PE,,Female,,,4,,
25701,Nellie,Aikett,,naikett43@engadget.com,143 488 8970,,Niterói,Ternate,BR,,Female,,,5,,
24341,Leoline,Hadenton,,lhadenton44@w3.org,193 862 1244,,Dežanovac,San Marcos,HR,,Male,,,5,,
37098,Carolann,Swine,,cswine45@woothemes.com,565 128 7586,,Ganzhou,Faraulep,CN,,Male,,,5,,
25051,Hyatt,Crusham,,hcrusham46@ucsd.edu,965 429 6745,,Maliuzui,Hörby,CN,,Male,,,4,,
46762,Cordelie,Dodworth,,cdodworth47@hugedomains.com,317 665 5503,,Carahue,Pakuranga,CL,,Female,,,3,,
23885,Jannelle,Sephton,,jsephton48@quantcast.com,320 165 5539,,Kebonagung,Tojeira,ID,,Female,,,1,,
47988,Travis,Skyme,,tskyme49@usgs.gov,636 633 4464,,Mauloo,Sagbayan,ID,,Female,,,5,,
28549,Daloris,Kaufman,,dkaufman4a@squidoo.com,257 632 4410,,Tsurib,Livadiya,RU,,Female,,,1,,
44482,Cora,Rihosek,,crihosek4b@chron.com,627 549 1538,,Vanadjou,Metapán,KM,,Female,,,1,,
26243,Arlette,Sharpling,,asharpling4c@webnode.com,621 741 4412,,Pridraga,Mahébourg,HR,,Female,,,2,,
22485,Edwin,Mourgue,,emourgue4d@thetimes.co.uk,245 434 9235,,Tuymazy,Ping’an,RU,,Male,,,5,,
21365,Jeramey,Kieran,,jkieran4e@yellowpages.com,120 186 5991,,Deneysville,Corinto,ZA,,Female,,,2,,
49961,Wally,Mears,,wmears4f@cnn.com,879 102 5155,,Mundão,Pailles,PT,,Female,,,3,,
33127,Roi,Greathead,,rgreathead4g@t.co,421 613 9805,,Olofström,Maciejowice,SE,,Female,,,5,,
34710,Calla,Tout,,ctout4h@slashdot.org,215 921 5584,,Tanglag,Kotri,CN,,Female,,,4,,
25764,Stanford,Liversedge,,sliversedge4i@marriott.com,424 964 5993,,Kuchurhan,Fubin,UA,,Male,,,1,,
47888,Tallou,Gilder,,tgilder4j@tripadvisor.com,847 362 6563,,Vichy,Novaya Igirma,FR,,Female,,,4,,
32009,Donica,Stowell,,dstowell4k@unicef.org,256 830 6346,,Potrerillos Arriba,Kohila,PA,,Male,,,3,,
45041,Vinny,Rabidge,,vrabidge4l@amazon.co.jp,737 815 0737,,Karabudakhkent,North Shore,RU,,Male,,,4,,
44146,Zach,Lowen,,zlowen4m@booking.com,830 735 0463,,Anju,Baisha,CN,,Male,,,1,,
30136,Florina,Roff,,froff4n@globo.com,987 567 1793,,Pran Buri,Ban Nong Wua So,TH,,Male,,,3,,
24043,Flora,Beere,,fbeere4o@mlb.com,747 447 0951,,Suren,El Progreso,ID,,Female,,,3,,
46205,Shawn,Sorbie,,ssorbie4p@deliciousdays.com,141 751 2219,,Kungälv,Murcki,SE,,Male,,,4,,
35050,Jerrie,Duggary,,jduggary4q@liveinternet.ru,150 107 2547,,Anolaima,Valbo,CO,,Female,,,1,,
46766,Cindee,Liell,,cliell4r@diigo.com,731 394 4884,,Malainen Luma,Nantes,PH,,Male,,,4,,
24235,My,Blacksland,,mblacksland4s@sciencedaily.com,738 687 2585,,Antaparco,Las Vegas,PE,,Male,,,2,,
36250,Sergeant,Ruffy,,sruffy4t@uol.com.br,398 157 8157,,Lérida,Paris 13,CO,,Male,,,3,,
23914,Sherwynd,Muncey,,smuncey4u@sphinn.com,801 184 5605,,Pancanagara,Nogueira,ID,,Female,,,4,,
48794,Claudio,MacClure,,cmacclure4v@sogou.com,958 959 4573,,Norrköping,Xiangfeng,SE,,Female,,,4,,
43537,Lorene,Eastes,,leastes4w@eventbrite.com,378 269 4049,,Recife,Salingogan,BR,,Male,,,4,,
44247,Iorgo,Davidove,,idavidove4x@eventbrite.com,458 338 2531,,San Pedro,Sharïngol,CR,,Male,,,4,,
46872,Debra,Swanbourne,,dswanbourne4y@phpbb.com,506 205 5939,,Batujaran,Sawoi,ID,,Female,,,3,,
23924,Ileane,Acock,,iacock4z@comcast.net,933 752 6111,,La Talaudière,Francisco I Madero,FR,,Male,,,5,,
25936,Jamesy,Bilbie,,jbilbie50@discuz.net,252 215 0240,,Sayaq,Beslan,KZ,,Female,,,2,,
30942,Brigida,Connors,,bconnors51@i2i.jp,173 881 1296,,Taketoyo,Santa Marta,JP,,Male,,,5,,
27649,Kora,Gove,,kgove52@biblegateway.com,174 820 8445,,Paris 08,San Jose,FR,,Male,,,3,,
20631,Berna,Spera,,bspera53@google.pl,573 425 6672,,Kildare,Paamiut,IE,,Female,,,5,,
21531,Xever,Crose,,xcrose54@digg.com,888 600 7297,,Jinzhou,Písečná,CN,,Female,,,1,,
32612,Lin,Pabelik,,lpabelik55@jigsy.com,251 929 1085,,Sukaraja,Guisser,ID,,Female,,,3,,
26155,Linn,Plackstone,,lplackstone56@creativecommons.org,179 352 1138,,Yuetang,Tumba,CN,,Female,,,5,,
25381,Aimil,O'Fogerty,,aofogerty57@qq.com,615 633 4480,,Lityn,Huangrangping,UA,,Female,,,1,,
42843,Duffie,Legge,,dlegge58@pen.io,417 910 7050,,Kobylí,Bang Kruai,CZ,,Male,,,1,,
47639,Broderick,Newsham,,bnewsham59@theglobeandmail.com,820 773 4052,,Trondheim,Fiorentino,NO,,Female,,,5,,
30664,Murdock,Henniger,,mhenniger5a@github.com,417 788 7500,,Machakos,Patpata Segundo,KE,,Female,,,5,,
48631,Michelina,Simonitto,,msimonitto5b@harvard.edu,937 232 1338,,Garmo,Privlaka,CN,,Female,,,1,,
28030,Vinson,Hutley,,vhutley5c@fotki.com,799 181 9046,,Weishanzhuang,Baihua,CN,,Female,,,5,,
35830,Rheta,Lapping,,rlapping5d@technorati.com,531 805 2232,,Karangarjo,Falköping,ID,,Male,,,2,,
36271,Niki,Armand,,narmand5e@gnu.org,579 412 5948,,Jimusa’er,Ganjaran,CN,,Female,,,2,,
29097,Fiann,Tebbe,,ftebbe5f@buzzfeed.com,842 368 6338,,Moorreesburg,Qiwen,ZA,,Female,,,1,,
33245,Hubert,Luckwell,,hluckwell5g@bravesites.com,900 735 2652,,Qiucun,Nowosielce,CN,,Male,,,1,,
37743,Ric,Lille,,rlille5h@nydailynews.com,135 740 5408,,Bungur,Bara Datu,ID,,Female,,,2,,
31308,Cilka,Maymond,,cmaymond5i@google.ca,451 964 8978,,Tierra y Libertad,Shadui,MX,,Male,,,1,,
44191,Fletch,Jenkin,,fjenkin5j@blinklist.com,737 827 1885,,Damascus,Xinglong,SY,,Female,,,2,,
